<?xml version="1.0" encoding="UTF-8"?>
<project-private xmlns="http://www.netbeans.org/ns/project-private/1">
    <editor-bookmarks xmlns="http://www.netbeans.org/ns/editor-bookmarks/2" lastBookmarkId="0"/>
    <open-files xmlns="http://www.netbeans.org/ns/projectui-open-files/2">
        <group>
            <file>file:/G:/Java/Master-FullStack-2020/Tarea4Java/src/tarea4java/Tarea4Java.java</file>
            <file>file:/G:/Java/Master-FullStack-2020/Tarea4Java/src/tarea4java/Menu.java</file>
            <file>file:/G:/Java/Master-FullStack-2020/Tarea4Java/src/tarea4java/Entrada.java</file>
            <file>file:/G:/Java/Master-FullStack-2020/Tarea4Java/src/tarea4java/Operaciones.java</file>
        </group>
    </open-files>
</project-private>
